{
  "project_info": {
    "project_number": "897910879340",
    "firebase_url": "https://community-clean-up-25992.firebaseio.com",
    "project_id": "community-clean-up-25992",
    "storage_bucket": "community-clean-up-25992.appspot.com"
  },
  "client": [
    {
      "client_info": {
        "mobilesdk_app_id": "1:897910879340:android:7803ebcd0f2452dd70d449",
        "android_client_info": {
          "package_name": "com.example.communitycleanup"
        }
      },
      "oauth_client": [
        {
          "client_id": "897910879340-s5k4q5qk7g65p5nenqrhuh1iibav1032.apps.googleusercontent.com",
          "client_type": 3
        }
      ],
      "api_key": [
        {
          "current_key": "AIzaSyCZXp-VIZzX8kObakrzxgwMk2Vy9ibymFo"
        }
      ],
      "services": {
        "appinvite_service": {
          "other_platform_oauth_client": [
            {
              "client_id": "897910879340-s5k4q5qk7g65p5nenqrhuh1iibav1032.apps.googleusercontent.com",
              "client_type": 3
            }
          ]
        }
      }
    }
  ],
  "configuration_version": "1"
}